United%20Kingdom
England,Northern%20Ireland,Scotland,Wales
East%20Midlands,East%20of%20England,London,North%20East,North%20West,South%20East,South%20West,West%20Midlands,Yorkshire%20and%20The%20Humber
East%20of%20England,London,Midlands,North%20East%20and%20Yorkshire,North%20West,South%20East,South%20West
Aberdeen%20City,Aberdeenshire,Angus,Antrim%20and%20Newtownabbey,Ards%20and%20North%20Down,Argyll%20and%20Bute,"Armagh%20City,%20Banbridge%20and%20Craigavon",Barking%20and%20Dagenham,Barnet,Barnsley,Bath%20and%20North%20East%20Somerset,Bedford,Belfast,Bexley,Birmingham,Blackburn%20with%20Darwen,Blackpool,Blaenau%20Gwent,Bolton,"Bournemouth,%20Christchurch%20and%20Poole",Bracknell%20Forest,Bradford,Brent,Bridgend,Brighton%20and%20Hove,"Bristol,%20City%20of",Bromley,Buckinghamshire,Bury,Caerphilly,Calderdale,Cambridgeshire,Camden,Cardiff,Carmarthenshire,Causeway%20Coast%20and%20Glens,Central%20Bedfordshire,Ceredigion,Cheshire%20East,Cheshire%20West%20and%20Chester,City%20of%20Edinburgh,Clackmannanshire,Conwy,Cornwall%20and%20Isles%20of%20Scilly,County%20Durham,Coventry,Croydon,Cumbria,Darlington,Denbighshire,Derby,Derbyshire,Derry%20City%20and%20Strabane,Devon,Doncaster,Dorset,Dudley,Dumfries%20and%20Galloway,Dundee%20City,Ealing,East%20Ayrshire,East%20Dunbartonshire,East%20Lothian,East%20Renfrewshire,East%20Riding%20of%20Yorkshire,East%20Sussex,Enfield,Essex,Falkirk,Fermanagh%20and%20Omagh,Fife,Flintshire,Gateshead,Glasgow%20City,Gloucestershire,Greenwich,Gwynedd,Hackney%20and%20City%20of%20London,Halton,Hammersmith%20and%20Fulham,Hampshire,Haringey,Harrow,Hartlepool,Havering,"Herefordshire,%20County%20of",Hertfordshire,Highland,Hillingdon,Hounslow,Inverclyde,Isle%20of%20Anglesey,Isle%20of%20Wight,Islington,Kensington%20and%20Chelsea,Kent,"Kingston%20upon%20Hull,%20City%20of",Kingston%20upon%20Thames,Kirklees,Knowsley,Lambeth,Lancashire,Leeds,Leicester,Leicestershire,Lewisham,Lincolnshire,Lisburn%20and%20Castlereagh,Liverpool,Luton,Manchester,Medway,Merthyr%20Tydfil,Merton,Mid%20Ulster,Mid%20and%20East%20Antrim,Middlesbrough,Midlothian,Milton%20Keynes,Monmouthshire,Moray,Na%20h-Eileanan%20Siar,Neath%20Port%20Talbot,Newcastle%20upon%20Tyne,Newham,Newport,"Newry,%20Mourne%20and%20Down",Norfolk,North%20Ayrshire,North%20East%20Lincolnshire,North%20Lanarkshire,North%20Lincolnshire,North%20Somerset,North%20Tyneside,North%20Yorkshire,Northamptonshire,Northumberland,Nottingham,Nottinghamshire,Oldham,Orkney%20Islands,Oxfordshire,Pembrokeshire,Perth%20and%20Kinross,Peterborough,Plymouth,Portsmouth,Powys,Reading,Redbridge,Redcar%20and%20Cleveland,Renfrewshire,Rhondda%20Cynon%20Taf,Richmond%20upon%20Thames,Rochdale,Rotherham,Rutland,Salford,Sandwell,Scottish%20Borders,Sefton,Sheffield,Shetland%20Islands,Shropshire,Slough,Solihull,Somerset,South%20Ayrshire,South%20Gloucestershire,South%20Lanarkshire,South%20Tyneside,Southampton,Southend-on-Sea,Southwark,St.%20Helens,Staffordshire,Stirling,Stockport,Stockton-on-Tees,Stoke-on-Trent,Suffolk,Sunderland,Surrey,Sutton,Swansea,Swindon,Tameside,Telford%20and%20Wrekin,Thurrock,Torbay,Torfaen,Tower%20Hamlets,Trafford,Vale%20of%20Glamorgan,Wakefield,Walsall,Waltham%20Forest,Wandsworth,Warrington,Warwickshire,West%20Berkshire,West%20Dunbartonshire,West%20Lothian,West%20Sussex,Westminster,Wigan,Wiltshire,Windsor%20and%20Maidenhead,Wirral,Wokingham,Wolverhampton,Worcestershire,Wrexham,York
Aberdeen%20City,Aberdeenshire,Adur,Allerdale,Amber%20Valley,Angus,Antrim%20and%20Newtownabbey,Ards%20and%20North%20Down,Argyll%20and%20Bute,"Armagh%20City,%20Banbridge%20and%20Craigavon",Arun,Ashfield,Ashford,Aylesbury%20Vale,Babergh,Barking%20and%20Dagenham,Barnet,Barnsley,Barrow-in-Furness,Basildon,Basingstoke%20and%20Deane,Bassetlaw,Bath%20and%20North%20East%20Somerset,Bedford,Belfast,Bexley,Birmingham,Blaby,Blackburn%20with%20Darwen,Blackpool,Blaenau%20Gwent,Bolsover,Bolton,Boston,"Bournemouth,%20Christchurch%20and%20Poole",Bracknell%20Forest,Bradford,Braintree,Breckland,Brent,Brentwood,Bridgend,Brighton%20and%20Hove,"Bristol,%20City%20of",Broadland,Bromley,Bromsgrove,Broxbourne,Broxtowe,Burnley,Bury,Caerphilly,Calderdale,Cambridge,Camden,Cannock%20Chase,Canterbury,Cardiff,Carlisle,Carmarthenshire,Castle%20Point,Causeway%20Coast%20and%20Glens,Central%20Bedfordshire,Ceredigion,Charnwood,Chelmsford,Cheltenham,Cherwell,Cheshire%20East,Cheshire%20West%20and%20Chester,Chesterfield,Chichester,Chiltern,Chorley,City%20of%20Edinburgh,Clackmannanshire,Colchester,Conwy,Copeland,Corby,Cornwall%20and%20Isles%20of%20Scilly,Cotswold,County%20Durham,Coventry,Craven,Crawley,Croydon,Dacorum,Darlington,Dartford,Daventry,Denbighshire,Derby,Derbyshire%20Dales,Derry%20City%20and%20Strabane,Doncaster,Dorset,Dover,Dudley,Dumfries%20and%20Galloway,Dundee%20City,Ealing,East%20Ayrshire,East%20Cambridgeshire,East%20Devon,East%20Dunbartonshire,East%20Hampshire,East%20Hertfordshire,East%20Lindsey,East%20Lothian,East%20Northamptonshire,East%20Renfrewshire,East%20Riding%20of%20Yorkshire,East%20Staffordshire,East%20Suffolk,Eastbourne,Eastleigh,Eden,Elmbridge,Enfield,Epping%20Forest,Epsom%20and%20Ewell,Erewash,Exeter,Falkirk,Fareham,Fenland,Fermanagh%20and%20Omagh,Fife,Flintshire,Folkestone%20and%20Hythe,Forest%20of%20Dean,Fylde,Gateshead,Gedling,Glasgow%20City,Gloucester,Gosport,Gravesham,Great%20Yarmouth,Greenwich,Guildford,Gwynedd,Hackney%20and%20City%20of%20London,Halton,Hambleton,Hammersmith%20and%20Fulham,Harborough,Haringey,Harlow,Harrogate,Harrow,Hart,Hartlepool,Hastings,Havant,Havering,"Herefordshire,%20County%20of",Hertsmere,High%20Peak,Highland,Hillingdon,Hinckley%20and%20Bosworth,Horsham,Hounslow,Huntingdonshire,Hyndburn,Inverclyde,Ipswich,Isle%20of%20Anglesey,Isle%20of%20Wight,Islington,Kensington%20and%20Chelsea,Kettering,King's%20Lynn%20and%20West%20Norfolk,"Kingston%20upon%20Hull,%20City%20of",Kingston%20upon%20Thames,Kirklees,Knowsley,Lambeth,Lancaster,Leeds,Leicester,Lewes,Lewisham,Lichfield,Lincoln,Lisburn%20and%20Castlereagh,Liverpool,Luton,Maidstone,Maldon,Malvern%20Hills,Manchester,Mansfield,Medway,Melton,Mendip,Merthyr%20Tydfil,Merton,Mid%20Devon,Mid%20Suffolk,Mid%20Sussex,Mid%20Ulster,Mid%20and%20East%20Antrim,Middlesbrough,Midlothian,Milton%20Keynes,Mole%20Valley,Monmouthshire,Moray,Na%20h-Eileanan%20Siar,Neath%20Port%20Talbot,New%20Forest,Newark%20and%20Sherwood,Newcastle%20upon%20Tyne,Newcastle-under-Lyme,Newham,Newport,"Newry,%20Mourne%20and%20Down",North%20Ayrshire,North%20Devon,North%20East%20Derbyshire,North%20East%20Lincolnshire,North%20Hertfordshire,North%20Kesteven,North%20Lanarkshire,North%20Lincolnshire,North%20Norfolk,North%20Somerset,North%20Tyneside,North%20Warwickshire,North%20West%20Leicestershire,Northampton,Northumberland,Norwich,Nottingham,Nuneaton%20and%20Bedworth,Oadby%20and%20Wigston,Oldham,Orkney%20Islands,Oxford,Pembrokeshire,Pendle,Perth%20and%20Kinross,Peterborough,Plymouth,Portsmouth,Powys,Preston,Reading,Redbridge,Redcar%20and%20Cleveland,Redditch,Reigate%20and%20Banstead,Renfrewshire,Rhondda%20Cynon%20Taf,Ribble%20Valley,Richmond%20upon%20Thames,Richmondshire,Rochdale,Rochford,Rossendale,Rother,Rotherham,Rugby,Runnymede,Rushcliffe,Rushmoor,Rutland,Ryedale,Salford,Sandwell,Scarborough,Scottish%20Borders,Sedgemoor,Sefton,Selby,Sevenoaks,Sheffield,Shetland%20Islands,Shropshire,Slough,Solihull,Somerset%20West%20and%20Taunton,South%20Ayrshire,South%20Bucks,South%20Cambridgeshire,South%20Derbyshire,South%20Gloucestershire,South%20Hams,South%20Holland,South%20Kesteven,South%20Lakeland,South%20Lanarkshire,South%20Norfolk,South%20Northamptonshire,South%20Oxfordshire,South%20Ribble,South%20Somerset,South%20Staffordshire,South%20Tyneside,Southampton,Southend-on-Sea,Southwark,Spelthorne,St%20Albans,St.%20Helens,Stafford,Staffordshire%20Moorlands,Stevenage,Stirling,Stockport,Stockton-on-Tees,Stoke-on-Trent,Stratford-on-Avon,Stroud,Sunderland,Surrey%20Heath,Sutton,Swale,Swansea,Swindon,Tameside,Tamworth,Tandridge,Teignbridge,Telford%20and%20Wrekin,Tendring,Test%20Valley,Tewkesbury,Thanet,Three%20Rivers,Thurrock,Tonbridge%20and%20Malling,Torbay,Torfaen,Torridge,Tower%20Hamlets,Trafford,Tunbridge%20Wells,Uttlesford,Vale%20of%20Glamorgan,Vale%20of%20White%20Horse,Wakefield,Walsall,Waltham%20Forest,Wandsworth,Warrington,Warwick,Watford,Waverley,Wealden,Wellingborough,Welwyn%20Hatfield,West%20Berkshire,West%20Devon,West%20Dunbartonshire,West%20Lancashire,West%20Lindsey,West%20Lothian,West%20Oxfordshire,West%20Suffolk,Westminster,Wigan,Wiltshire,Winchester,Windsor%20and%20Maidenhead,Wirral,Woking,Wokingham,Wolverhampton,Worcester,Worthing,Wrexham,Wychavon,Wycombe,Wyre,Wyre%20Forest,York
Airedale%20NHS%20Foundation%20Trust,Alder%20Hey%20Children's%20NHS%20Foundation%20Trust,Ashford%20and%20St%20Peter's%20Hospitals%20NHS%20Foundation%20Trust,Avon%20and%20Wiltshire%20Mental%20Health%20Partnership%20NHS%20Trust,"Barking,%20Havering%20and%20Redbridge%20University%20Hospitals%20NHS%20Trust","Barnet,%20Enfield%20and%20Haringey%20Mental%20Health%20NHS%20Trust",Barnsley%20Hospital%20NHS%20Foundation%20Trust,Barts%20Health%20NHS%20Trust,Bedfordshire%20Hospitals%20NHS%20Foundation%20Trust,Berkshire%20Healthcare%20NHS%20Foundation%20Trust,Birmingham%20Community%20Healthcare%20NHS%20Foundation%20Trust,Birmingham%20Women's%20and%20Children's%20NHS%20Foundation%20Trust,Birmingham%20and%20Solihull%20Mental%20Health%20NHS%20Foundation%20Trust,Black%20Country%20Healthcare%20NHS%20Foundation%20Trust,Blackpool%20Teaching%20Hospitals%20NHS%20Foundation%20Trust,Bolton%20NHS%20Foundation%20Trust,Bradford%20District%20Care%20NHS%20Foundation%20Trust,Bradford%20Teaching%20Hospitals%20NHS%20Foundation%20Trust,Bridgewater%20Community%20Healthcare%20NHS%20Foundation%20Trust,Brighton%20and%20Sussex%20University%20Hospitals%20NHS%20Trust,Buckinghamshire%20Healthcare%20NHS%20Trust,Calderdale%20and%20Huddersfield%20NHS%20Foundation%20Trust,Cambridge%20University%20Hospitals%20NHS%20Foundation%20Trust,Cambridgeshire%20Community%20Services%20NHS%20Trust,Cambridgeshire%20and%20Peterborough%20NHS%20Foundation%20Trust,Camden%20and%20Islington%20NHS%20Foundation%20Trust,Central%20London%20Community%20Healthcare%20NHS%20Trust,Central%20and%20North%20West%20London%20NHS%20Foundation%20Trust,Chelsea%20and%20Westminster%20Hospital%20NHS%20Foundation%20Trust,Cheshire%20and%20Wirral%20Partnership%20NHS%20Foundation%20Trust,Chesterfield%20Royal%20Hospital%20NHS%20Foundation%20Trust,Cornwall%20Partnership%20NHS%20Foundation%20Trust,Countess%20of%20Chester%20Hospital%20NHS%20Foundation%20Trust,County%20Durham%20and%20Darlington%20NHS%20Foundation%20Trust,Coventry%20and%20Warwickshire%20Partnership%20NHS%20Trust,Croydon%20Health%20Services%20NHS%20Trust,"Cumbria,%20Northumberland,%20Tyne%20and%20Wear%20NHS%20Foundation%20Trust",Dartford%20and%20Gravesham%20NHS%20Trust,Derbyshire%20Community%20Health%20Services%20NHS%20Foundation%20Trust,Derbyshire%20Healthcare%20NHS%20Foundation%20Trust,Devon%20Partnership%20NHS%20Trust,Doncaster%20and%20Bassetlaw%20Teaching%20Hospitals%20NHS%20Foundation%20Trust,Dorset%20County%20Hospital%20NHS%20Foundation%20Trust,Dorset%20Healthcare%20University%20NHS%20Foundation%20Trust,Dudley%20Integrated%20Health%20and%20Care%20NHS%20Trust,East%20Cheshire%20NHS%20Trust,East%20Kent%20Hospitals%20University%20NHS%20Foundation%20Trust,East%20Lancashire%20Hospitals%20NHS%20Trust,East%20London%20NHS%20Foundation%20Trust,East%20Suffolk%20and%20North%20Essex%20NHS%20Foundation%20Trust,East%20Sussex%20Healthcare%20NHS%20Trust,East%20and%20North%20Hertfordshire%20NHS%20Trust,Epsom%20and%20St%20Helier%20University%20Hospitals%20NHS%20Trust,Essex%20Partnership%20University%20NHS%20Foundation%20Trust,Frimley%20Health%20NHS%20Foundation%20Trust,Gateshead%20Health%20NHS%20Foundation%20Trust,George%20Eliot%20Hospital%20NHS%20Trust,Gloucestershire%20Health%20and%20Care%20NHS%20Foundation%20Trust,Gloucestershire%20Hospitals%20NHS%20Foundation%20Trust,Great%20Ormond%20Street%20Hospital%20for%20Children%20NHS%20Foundation%20Trust,Great%20Western%20Hospitals%20NHS%20Foundation%20Trust,Greater%20Manchester%20Mental%20Health%20NHS%20Foundation%20Trust,Guy's%20and%20St%20Thomas'%20NHS%20Foundation%20Trust,Hampshire%20Hospitals%20NHS%20Foundation%20Trust,Harrogate%20and%20District%20NHS%20Foundation%20Trust,Herefordshire%20and%20Worcestershire%20Health%20and%20Care%20NHS%20Trust,Hertfordshire%20Community%20NHS%20Trust,Hertfordshire%20Partnership%20University%20NHS%20Foundation%20Trust,Homerton%20University%20Hospital%20NHS%20Foundation%20Trust,Hounslow%20and%20Richmond%20Community%20Healthcare%20NHS%20Trust,Hull%20University%20Teaching%20Hospitals%20NHS%20Trust,Humber%20Teaching%20NHS%20Foundation%20Trust,Imperial%20College%20Healthcare%20NHS%20Trust,Isle%20of%20Wight%20NHS%20Trust,James%20Paget%20University%20Hospitals%20NHS%20Foundation%20Trust,Kent%20Community%20Health%20NHS%20Foundation%20Trust,Kent%20and%20Medway%20NHS%20and%20Social%20Care%20Partnership%20Trust,Kettering%20General%20Hospital%20NHS%20Foundation%20Trust,King's%20College%20Hospital%20NHS%20Foundation%20Trust,Kingston%20Hospital%20NHS%20Foundation%20Trust,Lancashire%20&%20South%20Cumbria%20NHS%20Foundation%20Trust,Lancashire%20Teaching%20Hospitals%20NHS%20Foundation%20Trust,Leeds%20Community%20Healthcare%20NHS%20Trust,Leeds%20Teaching%20Hospitals%20NHS%20Trust,Leeds%20and%20York%20Partnership%20NHS%20Foundation%20Trust,Leicestershire%20Partnership%20NHS%20Trust,Lewisham%20and%20Greenwich%20NHS%20Trust,Lincolnshire%20Community%20Health%20Services%20NHS%20Trust,Lincolnshire%20Partnership%20NHS%20Foundation%20Trust,Liverpool%20Heart%20and%20Chest%20Hospital%20NHS%20Foundation%20Trust,Liverpool%20University%20Hospitals%20NHS%20Foundation%20Trust,Liverpool%20Women's%20NHS%20Foundation%20Trust,London%20North%20West%20University%20Healthcare%20NHS%20Trust,Maidstone%20and%20Tunbridge%20Wells%20NHS%20Trust,Manchester%20University%20NHS%20Foundation%20Trust,Medway%20NHS%20Foundation%20Trust,Mersey%20Care%20NHS%20Foundation%20Trust,Mid%20Cheshire%20Hospitals%20NHS%20Foundation%20Trust,Mid%20Staffordshire%20NHS%20Foundation%20Trust,Mid%20Yorkshire%20Hospitals%20NHS%20Trust,Mid%20and%20South%20Essex%20NHS%20Foundation%20Trust,Midlands%20Partnership%20NHS%20Foundation%20Trust,Milton%20Keynes%20University%20Hospital%20NHS%20Foundation%20Trust,Moorfields%20Eye%20Hospital%20NHS%20Foundation%20Trust,NHS%20Nightingale%20Hospital%20Birmingham,NHS%20Nightingale%20Hospital%20Bristol,NHS%20Nightingale%20Hospital%20Exeter,NHS%20Nightingale%20Hospital%20London%20(Phase%201),NHS%20Nightingale%20Hospital%20London%20(Phase%202),NHS%20Nightingale%20Hospital%20North%20East,NHS%20Nightingale%20Hospital%20North%20West,NHS%20Nightingale%20Hospital%20Preston,NHS%20Nightingale%20Hospital%20Yorkshire%20and%20the%20Humber,Norfolk%20Community%20Health%20and%20Care%20NHS%20Trust,Norfolk%20and%20Norwich%20University%20Hospitals%20NHS%20Foundation%20Trust,Norfolk%20and%20Suffolk%20NHS%20Foundation%20Trust,North%20Bristol%20NHS%20Trust,North%20Cumbria%20Integrated%20Care%20NHS%20Foundation%20Trust,North%20East%20London%20NHS%20Foundation%20Trust,North%20Middlesex%20University%20Hospital%20NHS%20Trust,North%20Staffordshire%20Combined%20Healthcare%20NHS%20Trust,North%20Tees%20and%20Hartlepool%20NHS%20Foundation%20Trust,North%20West%20Anglia%20NHS%20Foundation%20Trust,North%20West%20Boroughs%20Healthcare%20NHS%20Foundation%20Trust,Northampton%20General%20Hospital%20NHS%20Trust,Northamptonshire%20Healthcare%20NHS%20Foundation%20Trust,Northern%20Devon%20Healthcare%20NHS%20Trust,Northern%20Lincolnshire%20and%20Goole%20NHS%20Foundation%20Trust,Northumbria%20Healthcare%20NHS%20Foundation%20Trust,Nottingham%20University%20Hospitals%20NHS%20Trust,Nottinghamshire%20Healthcare%20NHS%20Foundation%20Trust,Oxford%20Health%20NHS%20Foundation%20Trust,Oxford%20University%20Hospitals%20NHS%20Foundation%20Trust,Oxleas%20NHS%20Foundation%20Trust,Pennine%20Acute%20Hospitals%20NHS%20Trust,Pennine%20Care%20NHS%20Foundation%20Trust,Portsmouth%20Hospitals%20University%20National%20Health%20Service%20Trust,Queen%20Victoria%20Hospital%20NHS%20Foundation%20Trust,Rotherham%20Doncaster%20and%20South%20Humber%20NHS%20Foundation%20Trust,Royal%20Berkshire%20NHS%20Foundation%20Trust,Royal%20Brompton%20&%20Harefield%20NHS%20Foundation%20Trust,Royal%20Cornwall%20Hospitals%20NHS%20Trust,Royal%20Devon%20and%20Exeter%20NHS%20Foundation%20Trust,Royal%20Free%20London%20NHS%20Foundation%20Trust,Royal%20National%20Orthopaedic%20Hospital%20NHS%20Trust,Royal%20Papworth%20Hospital%20NHS%20Foundation%20Trust,Royal%20Surrey%20County%20Hospital%20NHS%20Foundation%20Trust,Royal%20United%20Hospitals%20Bath%20NHS%20Foundation%20Trust,Salford%20Royal%20NHS%20Foundation%20Trust,Salisbury%20NHS%20Foundation%20Trust,Sandwell%20and%20West%20Birmingham%20Hospitals%20NHS%20Trust,Sheffield%20Children's%20NHS%20Foundation%20Trust,Sheffield%20Health%20&%20Social%20Care%20NHS%20Foundation%20Trust,Sheffield%20Teaching%20Hospitals%20NHS%20Foundation%20Trust,Sherwood%20Forest%20Hospitals%20NHS%20Foundation%20Trust,Shropshire%20Community%20Health%20NHS%20Trust,Solent%20NHS%20Trust,Somerset%20NHS%20Foundation%20Trust,South%20London%20and%20Maudsley%20NHS%20Foundation%20Trust,South%20Tees%20Hospitals%20NHS%20Foundation%20Trust,South%20Tyneside%20and%20Sunderland%20NHS%20Foundation%20Trust,South%20Warwickshire%20NHS%20Foundation%20Trust,South%20West%20London%20and%20St%20George's%20Mental%20Health%20NHS%20Trust,South%20West%20Yorkshire%20Partnership%20NHS%20Foundation%20Trust,Southern%20Health%20NHS%20Foundation%20Trust,Southport%20and%20Ormskirk%20Hospital%20NHS%20Trust,St%20George's%20University%20Hospitals%20NHS%20Foundation%20Trust,St%20Helens%20and%20Knowsley%20Teaching%20Hospitals%20NHS%20Trust,Stockport%20NHS%20Foundation%20Trust,Surrey%20and%20Borders%20Partnership%20NHS%20Foundation%20Trust,Surrey%20and%20Sussex%20Healthcare%20NHS%20Trust,Sussex%20Community%20NHS%20Foundation%20Trust,Sussex%20Partnership%20NHS%20Foundation%20Trust,Tameside%20and%20Glossop%20Integrated%20Care%20NHS%20Foundation%20Trust,Tavistock%20and%20Portman%20NHS%20Foundation%20Trust,"Tees,%20Esk%20and%20Wear%20Valleys%20NHS%20Foundation%20Trust",The%20Christie%20NHS%20Foundation%20Trust,The%20Clatterbridge%20Cancer%20Centre%20NHS%20Foundation%20Trust,The%20Dudley%20Group%20NHS%20Foundation%20Trust,The%20Hillingdon%20Hospitals%20NHS%20Foundation%20Trust,The%20Newcastle%20Upon%20Tyne%20Hospitals%20NHS%20Foundation%20Trust,The%20Princess%20Alexandra%20Hospital%20NHS%20Trust,"The%20Queen%20Elizabeth%20Hospital,%20King's%20Lynn,%20NHS%20Foundation%20Trust",The%20Robert%20Jones%20and%20Agnes%20Hunt%20Orthopaedic%20Hospital%20NHS%20Foundation%20Trust,The%20Rotherham%20NHS%20Foundation%20Trust,The%20Royal%20Marsden%20NHS%20Foundation%20Trust,The%20Royal%20Orthopaedic%20Hospital%20NHS%20Foundation%20Trust,The%20Royal%20Wolverhampton%20NHS%20Trust,The%20Shrewsbury%20and%20Telford%20Hospital%20NHS%20Trust,The%20Walton%20Centre%20NHS%20Foundation%20Trust,Torbay%20and%20South%20Devon%20NHS%20Foundation%20Trust,United%20Lincolnshire%20Hospitals%20NHS%20Trust,University%20College%20London%20Hospitals%20NHS%20Foundation%20Trust,University%20Hospital%20Southampton%20NHS%20Foundation%20Trust,University%20Hospitals%20Birmingham%20NHS%20Foundation%20Trust,University%20Hospitals%20Bristol%20and%20Weston%20NHS%20Foundation%20Trust,University%20Hospitals%20Coventry%20and%20Warwickshire%20NHS%20Trust,University%20Hospitals%20Dorset%20NHS%20Foundation%20Trust,University%20Hospitals%20Plymouth%20NHS%20Trust,University%20Hospitals%20of%20Derby%20and%20Burton%20NHS%20Foundation%20Trust,University%20Hospitals%20of%20Leicester%20NHS%20Trust,University%20Hospitals%20of%20Morecambe%20Bay%20NHS%20Foundation%20Trust,University%20Hospitals%20of%20North%20Midlands%20NHS%20Trust,Walsall%20Healthcare%20NHS%20Trust,Warrington%20and%20Halton%20Teaching%20Hospitals%20NHS%20Foundation%20Trust,West%20Hertfordshire%20Hospitals%20NHS%20Trust,West%20London%20NHS%20Trust,West%20Suffolk%20NHS%20Foundation%20Trust,Western%20Sussex%20Hospitals%20NHS%20Foundation%20Trust,Whittington%20Health%20NHS%20Trust,Wirral%20Community%20Health%20and%20Care%20NHS%20Foundation%20Trust,Wirral%20University%20Teaching%20Hospital%20NHS%20Foundation%20Trust,Worcestershire%20Acute%20Hospitals%20NHS%20Trust,"Wrightington,%20Wigan%20and%20Leigh%20NHS%20Foundation%20Trust",Wye%20Valley%20NHS%20Trust,Yeovil%20District%20Hospital%20NHS%20Foundation%20Trust,York%20Teaching%20Hospital%20NHS%20Foundation%20Trust